00:10:00:195,001MEAUK000006C6S0101168,OK
00:11:22:353,001MEAUK000006C6S0101176,OK
00:11:55:171,001MEAUK000006C6S0101140,OK
00:17:53:822,001MEAUK000006C6S0101153,OK
00:19:56:517,001MEAUK000006C6S0101149,OK
00:20:28:776,001MEAUK000006C6S0101160,OK
00:21:01:187,001MEAUK000006C6S0101159,OK
00:21:34:361,001MEAUK000006C6S0101170,OK
00:22:07:437,001MEAUK000006C6S0101179,OK
00:22:40:407,001MEAUK000006C6S0101156,OK
00:23:13:428,001MEAUK000006C6S0101167,OK
00:23:46:347,001MEAUK000006C6S0101164,OK
00:25:51:685,001MEAUK000006C6S0101178,OK
00:26:30:147,001MEAUK000006C6S0101174,OK
00:27:02:864,001MEAUK000006C6S0101183,OK
00:27:41:171,001MEAUK000006C6S0101184,OK
00:28:35:063,001MEAUK000006C6S0101189,OK
00:29:59:155,001MEAUK000006C6S0101169,OK
00:30:51:608,001MEAUK000006C6S0101177,OK
00:31:38:618,001MEAUK000006C6S0101185,OK
00:32:49:288,001MEAUK000006C6S0101194,OK
00:33:25:468,001MEAUK000006C6S0101195,OK
00:34:16:950,001MEAUK000006C6S0101173,OK
00:35:42:922,001MEAUK000006C6S0101196,OK
00:36:23:577,001MEAUK000006C6S0101192,OK
00:37:21:366,001MEAUK000006C6S0101175,OK
00:38:43:779,001MEAUK000006C6S0101200,OK
00:40:22:563,001MEAUK000006C6S0101201,OK
00:40:55:684,001MEAUK000006C6S0101182,OK
00:46:55:912,001MEAUK000006C6S0101180,OK
00:53:39:941,001MEAUK000006C6S0101181,OK
00:55:24:119,001MEAUK000006C6S0101188,OK
00:56:53:709,001MEAUK000006C6S0101190,OK
00:58:03:558,001MEAUK000006C6S0101186,OK
00:59:26:477,001MEAUK000006C6S0101187,OK
01:00:45:785,001MEAUK000006C6S0101191,OK
01:08:47:633,001MEAUK000006C6S0101193,OK
01:09:20:658,001MEAUK000006C6S0101202,OK
01:15:19:370,001MEAUK000006C6S0101198,OK
01:17:07:523,001MEAUK000006C6S0101206,OK
01:18:50:886,001MEAUK000006C6S0101208,OK
01:20:05:922,001MEAUK000006C6S0101204,OK
01:21:37:542,001MEAUK000006C6S0101214,OK
01:22:10:415,001MEAUK000006C6S0101212,OK
01:23:18:640,001MEAUK000006C6S0101209,NG
01:24:34:441,001MEAUK000006C6S0101197,OK
01:25:07:359,001MEAUK000006C6S0101210,OK
01:26:04:648,001MEAUK000006C6S0101199,OK
01:26:37:776,001MEAUK000006C6S0101218,OK
01:27:35:165,001MEAUK000006C6S0101207,OK
01:28:08:188,001MEAUK000006C6S0101220,OK
01:28:55:000,001MEAUK000006C6S0101203,OK
01:29:39:618,001MEAUK000006C6S0101205,OK
01:30:33:499,001MEAUK000006C6S0101216,OK
01:31:12:274,001MEAUK000006C6S0101224,NG
01:32:06:251,001MEAUK000006C6T0100002,OK
01:33:16:860,001MEAUK000006C6S0101213,OK
01:34:16:690,001MEAUK000006C6S0101225,OK
01:35:38:343,001MEAUK000006C6S0101211,OK
01:36:11:217,001MEAUK000006C6V0100005,OK
01:36:58:376,001MEAUK000006C6V0100004,OK
01:37:31:206,001MEAUK000006C6V0100002,OK
01:38:23:203,001MEAUK000006C6S0101219,OK
01:39:17:688,001MEAUK000006C6V0100010,OK
01:39:51:735,001MEAUK000006C6S0101215,OK
01:40:24:962,001MEAUK000006C6S0101217,OK
01:41:08:816,001MEAUK000006C6V0100011,OK
01:42:19:689,001MEAUK000006C6S0101226,OK
01:42:52:713,001MEAUK000006C6V0100007,OK
01:43:46:696,001MEAUK000006C6V0100008,OK
01:44:19:720,001MEAUK000006C6S0101223,OK
01:44:52:587,001MEAUK000006C6T0100001,OK
01:45:45:603,001MEAUK000006C6V0100001,OK
01:47:31:621,001MEAUK000006C6V0100013,OK
01:48:04:641,001MEAUK000006C6V0100006,OK
01:49:02:077,001MEAUK000006C6V0100014,OK
01:49:35:249,001MEAUK000006C6V0100003,OK
01:50:24:406,001MEAUK000006C6V0100022,OK
01:51:01:041,001MEAUK000006C6V0100012,OK
01:52:02:293,001MEAUK000006C6V0100024,OK
01:52:35:833,001MEAUK000006C6V0100009,OK
01:53:08:341,001MEAUK000006C6V0100023,OK
01:53:41:214,001MEAUK000006C6V0100016,OK
01:55:08:358,001MEAUK000006C6V0100020,OK
01:55:41:742,001MEAUK000006C6V0100017,NG
01:56:53:067,001MEAUK000006C6V0100029,OK
01:59:45:259,001MEAUK000006C6V0100018,OK
02:02:43:197,001MEAUK000006C6V0100025,NG
02:04:10:595,001MEAUK000006C6V0100015,OK
02:04:43:619,001MEAUK000006C6V0100027,OK
02:06:01:352,001MEAUK000006C6V0100034,OK
02:07:27:172,001MEAUK000006C6V0100019,OK
02:08:50:194,001MEAUK000006C6V0100031,OK
02:09:23:477,001MEAUK000006C6V0100021,OK
02:10:31:189,001MEAUK000006C6V0100033,OK
02:13:40:726,001MEAUK000006C6V0100028,OK
02:15:14:277,001MEAUK000006C6V0100042,OK
02:15:47:502,001MEAUK000006C6V0100030,OK
02:16:58:472,001MEAUK000006C6V0100038,OK
02:17:31:695,001MEAUK000006C6V0100026,OK
02:18:20:787,001MEAUK000006C6V0100039,OK
02:19:23:308,001MEAUK000006C6V0100046,NG
02:20:42:413,001MEAUK000006C6V0100035,OK
02:21:15:484,001MEAUK000006C6V0100043,NG
02:22:23:443,001MEAUK000006C6V0100036,OK
02:23:41:277,001MEAUK000006C6V0100045,OK
02:24:14:707,001MEAUK000006C6V0100052,OK
02:25:05:378,001MEAUK000006C6V0100032,OK
02:25:38:191,001MEAUK000006C6V0100051,OK
02:26:43:969,001MEAUK000006C6V0100054,OK
02:27:17:042,001MEAUK000006C6V0100049,OK
02:28:08:424,001MEAUK000006C6V0100040,NG
02:29:10:534,001MEAUK000006C6V0100041,OK
02:29:43:107,001MEAUK000006C6V0100058,NG
02:31:08:775,001MEAUK000006C6V0100037,OK
02:32:58:718,001MEAUK000006C6V0100047,OK
02:34:13:803,001MEAUK000006C6V0100048,OK
02:34:46:724,001MEAUK000006C6V0100044,OK
02:35:43:087,001MEAUK000006C6V0100053,OK
02:46:25:220,001MEAUK000006C6V0100050,OK
02:48:24:365,001MEAUK000006C6V0100050,OK
02:48:57:183,001MEAUK000006C6V0100065,NG
02:55:24:169,001MEAUK000006C6V0100064,OK
02:57:01:285,001MEAUK000006C6V0100059,OK
02:59:33:126,001MEAUK000006C6V0100066,OK
03:04:32:633,001MEAUK000006C6V0100062,OK
03:05:04:029,001MEAUK000006C6V0100063,OK
03:05:36:743,001MEAUK000006C6V0100067,OK
03:06:12:969,001MEAUK000006C6V0100057,OK
03:07:12:589,001MEAUK000006C6V0100061,OK
03:07:45:005,001MEAUK000006C6V0100070,OK
03:24:53:954,001MEAUK000006C6V0100060,OK
03:25:25:301,001MEAUK000006C6V0100071,OK
03:27:31:763,001MEAUK000006C6V0100055,OK
03:28:03:413,001MEAUK000006C6V0100068,OK
03:28:36:086,001MEAUK000006C6V0100076,OK
03:29:08:293,001MEAUK000006C6V0100078,OK
03:30:09:393,001MEAUK000006C6V0100075,OK
03:30:41:550,001MEAUK000006C6V0100085,OK
03:35:56:466,001MEAUK000006C6V0100056,OK
03:36:28:371,001MEAUK000006C6V0100072,OK
03:37:00:790,001MEAUK000006C6V0100083,OK
03:37:32:950,001MEAUK000006C6V0100069,OK
03:38:05:255,001MEAUK000006C6V0100088,NG
03:38:37:975,001MEAUK000006C6V0100073,OK
03:39:10:441,001MEAUK000006C6V0100077,OK
03:39:43:405,001MEAUK000006C6V0100074,NG
03:40:15:574,001MEAUK000006C6V0100093,OK
03:40:47:778,001MEAUK000006C6V0100079,OK
03:41:20:295,001MEAUK000006C6V0100101,OK
03:41:52:865,001MEAUK000006C6V0100080,OK
03:42:25:129,001MEAUK000006C6V0100104,OK
03:42:57:501,001MEAUK000006C6V0100113,OK
03:43:29:967,001MEAUK000006C6V0100094,OK
03:44:02:390,001MEAUK000006C6V0100100,OK
03:44:34:858,001MEAUK000006C6V0100084,OK
03:45:07:124,001MEAUK000006C6V0100097,OK
03:45:39:541,001MEAUK000006C6V0100119,OK
03:46:11:953,001MEAUK000006C6V0100098,OK
03:49:21:135,001MEAUK000006C6V0100107,OK
03:50:47:516,001MEAUK000006C6V0100082,OK
03:51:20:132,001MEAUK000006C6V0100105,OK
03:51:52:899,001MEAUK000006C6V0100090,OK
03:52:25:153,001MEAUK000006C6V0100124,NG
03:52:57:411,001MEAUK000006C6V0100091,OK
03:53:30:082,001MEAUK000006C6V0100110,OK
03:54:02:544,001MEAUK000006C6V0100118,OK
03:54:35:056,001MEAUK000006C6V0100115,OK
03:55:28:122,001MEAUK000006C6V0100089,OK
03:56:00:431,001MEAUK000006C6V0100095,OK
03:56:33:203,001MEAUK000006C6V0100087,OK
03:57:05:820,001MEAUK000006C6V0100096,OK
03:58:02:133,001MEAUK000006C6V0100126,OK
03:58:34:852,001MEAUK000006C6V0100092,OK
03:59:18:504,001MEAUK000006C6V0100117,OK
03:59:51:080,001MEAUK000006C6V0100102,OK
04:00:23:848,001MEAUK000006C6V0100121,OK
04:00:56:923,001MEAUK000006C6V0100099,OK
04:02:58:548,001MEAUK000006C6V0100106,OK
04:03:31:416,001MEAUK000006C6V0100108,OK
04:04:04:079,001MEAUK000006C6V0100103,OK
04:04:37:049,001MEAUK000006C6V0100122,NG
04:05:10:735,001MEAUK000006C6V0100112,OK
04:05:43:552,001MEAUK000006C6V0100114,OK
04:08:43:372,001MEAUK000006C6V0100111,OK
04:09:15:938,001MEAUK000006C6V0100130,OK
04:09:48:914,001MEAUK000006C6V0100120,OK
04:10:40:450,001MEAUK000006C6V0100131,OK
04:11:13:576,001MEAUK000006C6V0100116,OK
04:12:11:218,001MEAUK000006C6V0100125,OK
04:25:20:140,001MEAUK000006C6V0100123,OK
04:32:13:521,001MEAUK000006C6V0100132,OK
04:33:40:509,001MEAUK000006C6V0100128,NG
04:34:57:936,001MEAUK000006C6V0100127,OK
04:35:30:453,001MEAUK000006C6V0100138,OK
04:36:50:166,001MEAUK000006C6V0100129,OK
04:37:22:830,001MEAUK000006C6V0100139,OK
04:38:45:494,001MEAUK000006C6V0100135,OK
04:39:18:321,001MEAUK000006C6V0100137,OK
04:40:36:202,001MEAUK000006C6V0100140,OK
04:41:51:745,001MEAUK000006C6V0100136,OK
04:43:09:273,001MEAUK000006C6V0100143,OK
04:44:36:570,001MEAUK000006C6V0100142,OK
04:45:09:081,001MEAUK000006C6V0100133,OK
04:46:35:863,001MEAUK000006C6V0100144,OK
04:47:08:631,001MEAUK000006C6V0100141,NG
04:48:21:326,001MEAUK000006C6V0100134,OK
04:49:09:261,001MEAUK000006C6V0100145,OK
04:50:11:934,001MEAUK000006C6V0100148,OK
04:50:44:909,001MEAUK000006C6V0100149,OK
05:05:09:963,001MEAUK000006C6V0100146,OK
05:05:42:679,001MEAUK000006C6V0100154,OK
05:06:15:247,001MEAUK000006C6V0100150,OK
05:06:47:916,001MEAUK000006C6V0100147,NG
05:07:20:888,001MEAUK000006C6V0100156,OK
05:07:53:652,001MEAUK000006C6V0100155,OK
05:08:26:472,001MEAUK000006C6V0100153,OK
05:08:58:889,001MEAUK000006C6V0100160,OK
05:09:31:665,001MEAUK000006C6V0100151,OK
05:10:04:227,001MEAUK000006C6V0100162,OK
05:10:36:897,001MEAUK000006C6V0100168,NG
05:11:09:564,001MEAUK000006C6V0100152,OK
05:11:42:379,001MEAUK000006C6V0100167,OK
05:12:15:144,001MEAUK000006C6V0100161,OK
05:12:47:665,001MEAUK000006C6V0100163,OK
05:13:20:229,001MEAUK000006C6V0100165,OK
05:13:52:437,001MEAUK000006C6V0100157,OK
05:14:25:260,001MEAUK000006C6V0100159,OK
05:14:57:980,001MEAUK000006C6V0100169,OK
05:15:31:506,001MEAUK000006C6V0100158,OK
05:16:07:279,001MEAUK000006C6V0100171,OK
05:16:42:641,001MEAUK000006C6V0100166,OK
05:17:17:860,001MEAUK000006C6V0100164,OK
05:17:53:736,001MEAUK000006C6V0100176,OK
05:18:28:937,001MEAUK000006C6V0100172,OK
05:19:03:889,001MEAUK000006C6S0101148,OK
05:19:39:923,001MEAUK000006C6V0100173,OK
05:20:14:482,001MEAUK000006C6V0100175,OK
05:20:50:357,001MEAUK000006C6V0100174,OK
05:21:25:463,001MEAUK000006C6V0100170,OK
05:22:14:975,001MEAUK000006C6S0101147,OK
05:22:49:278,001MEAUK000006C6S0101222,OK
05:23:30:132,001MEAUK000006C6V0100180,OK
05:24:06:874,001MEAUK000006C6S0101221,OK
05:25:07:010,001MEAUK000006C6V0100179,OK
05:25:42:270,001MEAUK000006C6V0100182,OK
05:26:17:892,001MEAUK000006C6V0100191,NG
05:26:52:391,001MEAUK000006C6V0100188,OK
05:27:28:669,001MEAUK000006C6V0100178,OK
05:28:04:948,001MEAUK000006C6V0100181,OK
05:28:40:208,001MEAUK000006C6V0100187,OK
05:29:15:771,001MEAUK000006C6V0100177,OK
05:29:51:338,001MEAUK000006C6V0100198,OK
05:30:26:444,001MEAUK000006C6V0100190,OK
05:31:02:214,001MEAUK000006C6V0100192,OK
05:32:25:795,001MEAUK000006C6V0100189,OK
05:32:58:048,001MEAUK000006C6V0100197,OK
05:33:30:717,001MEAUK000006C6V0100193,OK
05:34:03:027,001MEAUK000006C6V0100196,OK
05:34:35:998,001MEAUK000006C6V0100194,OK
05:35:08:762,001MEAUK000006C6V0100203,OK
05:35:40:973,001MEAUK000006C6V0100204,OK
05:36:13:387,001MEAUK000006C6V0100195,OK
05:36:47:277,001MEAUK000006C6V0100199,OK
05:37:23:149,001MEAUK000006C6V0100202,NG
05:37:57:907,001MEAUK000006C6V0100201,NG
05:38:33:269,001MEAUK000006C6V0100200,OK
05:39:09:563,001MEAUK000006C6V0100208,OK
05:39:45:181,001MEAUK000006C6V0100206,OK
05:40:19:674,001MEAUK000006C6V0100210,OK
05:41:04:298,001MEAUK000006C6V0100212,OK
05:41:57:966,001MEAUK000006C6V0100207,OK
05:42:31:243,001MEAUK000006C6V0100185,OK
05:43:09:912,001MEAUK000006C6V0100183,OK
05:43:42:268,001MEAUK000006C6V0100186,OK
05:44:21:394,001MEAUK000006C6V0100184,OK
05:44:54:119,001MEAUK000006C6V0100205,OK
05:45:33:448,001MEAUK000006C6V0100217,OK
05:46:06:016,001MEAUK000006C6V0100211,OK
05:46:44:991,001MEAUK000006C6V0100218,OK
05:47:17:815,001MEAUK000006C6V0100209,OK
05:48:05:944,001MEAUK000006C6V0100214,OK
05:48:50:769,001MEAUK000006C6V0100219,OK
05:49:44:744,001MEAUK000006C6V0100223,OK
05:50:29:209,001MEAUK000006C6V0100213,OK
05:51:23:296,001MEAUK000006C6V0100216,OK
05:51:56:121,001MEAUK000006C6V0100215,OK
05:53:14:316,001MEAUK000006C6V0100222,OK
05:55:18:489,001MEAUK000006C6V0100221,OK
05:55:51:305,001MEAUK000006C6V0100224,OK
05:57:02:828,001MEAUK000006C6V0100220,OK
05:57:35:897,001MEAUK000006C6V0100230,OK
05:58:36:998,001MEAUK000006C6V0100226,OK
05:59:09:612,001MEAUK000006C6V0100228,NG
05:59:58:815,001MEAUK000006C6V0100229,OK
06:00:31:940,001MEAUK000006C6V0100236,OK
06:01:44:843,001MEAUK000006C6V0100225,OK
06:02:17:667,001MEAUK000006C6V0100238,OK
06:03:03:866,001MEAUK000006C6V0100233,OK
06:03:36:686,001MEAUK000006C6V0100227,NG
06:04:26:082,001MEAUK000006C6V0100235,OK
06:05:26:822,001MEAUK000006C6V0100237,NG
06:06:54:125,001MEAUK000006C6V0100246,OK
06:07:26:888,001MEAUK000006C6V0100234,OK
06:08:05:195,001MEAUK000006C6V0100244,OK
06:08:47:420,001MEAUK000006C6V0100245,OK
06:09:40:845,001MEAUK000006C6V0100243,OK
06:10:13:570,001MEAUK000006C6V0100241,OK
06:11:03:078,001MEAUK000006C6V0100248,OK
06:11:44:289,001MEAUK000006C6V0100250,OK
06:12:37:814,001MEAUK000006C6V0100242,OK
06:13:18:722,001MEAUK000006C6V0100240,OK
06:14:36:053,001MEAUK000006C6V0100249,OK
06:15:08:975,001MEAUK000006C6V0100247,NG
06:15:59:857,001MEAUK000006C6V0100239,OK
06:16:40:815,001MEAUK000006C6V0100254,OK
06:17:33:932,001MEAUK000006C6V0100255,OK
06:18:06:547,001MEAUK000006C6V0100256,NG
06:21:38:557,001MEAUK000006C6V0100251,OK
06:23:18:063,001MEAUK000006C6V0100253,OK
06:23:51:592,001MEAUK000006C6V0100252,OK
06:24:44:960,001MEAUK000006C6V0100262,OK
06:25:17:682,001MEAUK000006C6V0100263,NG
06:26:16:648,001MEAUK000006C6V0100264,OK
06:26:49:561,001MEAUK000006C6V0100259,OK
06:27:46:642,001MEAUK000006C6V0100260,OK
06:29:06:558,001MEAUK000006C6V0100261,OK
06:29:39:224,001MEAUK000006C6V0100265,NG
06:30:18:810,001MEAUK000006C6V0100268,OK
06:31:12:630,001MEAUK000006C6V0100269,NG
06:32:31:173,001MEAUK000006C6V0100270,NG
06:33:04:041,001MEAUK000006C6V0100266,OK
06:33:44:595,001MEAUK000006C6V0100267,OK
06:34:22:655,001MEAUK000006C6V0100275,NG
06:35:15:669,001MEAUK000006C6V0100274,OK
06:35:48:232,001MEAUK000006C6V0100276,OK
06:36:28:891,001MEAUK000006C6V0100271,OK
06:37:01:454,001MEAUK000006C6V0100273,NG
06:37:53:905,001MEAUK000006C6V0100272,OK
06:38:48:799,001MEAUK000006C6V0100283,OK
06:40:22:358,001MEAUK000006C6V0100282,OK
06:40:54:975,001MEAUK000006C6V0100284,OK
06:41:35:076,001MEAUK000006C6V0100279,OK
06:42:47:005,001MEAUK000006C6V0100280,OK
06:43:19:827,001MEAUK000006C6V0100281,OK
06:43:57:935,001MEAUK000006C6V0100286,OK
06:44:32:071,001MEAUK000006C6V0100287,OK
06:45:26:270,001MEAUK000006C6V0100288,OK
06:45:58:987,001MEAUK000006C6V0100277,OK
06:46:49:357,001MEAUK000006C6V0100278,OK
06:47:59:714,001MEAUK000006C6V0100285,OK
06:49:20:093,001MEAUK000006C6V0100292,OK
06:50:41:031,001MEAUK000006C6V0100293,OK
06:51:32:472,001MEAUK000006C6V0100294,OK
06:52:53:359,001MEAUK000006C6V0100290,OK
06:53:26:436,001MEAUK000006C6V0100291,OK
06:55:02:016,001MEAUK000006C6V0100289,OK
06:55:34:685,001MEAUK000006C6V0100298,OK
06:56:17:728,001MEAUK000006C6V0100109,OK
06:56:50:345,001MEAUK000006C6V0100295,OK
06:57:34:356,001MEAUK000006C6V0100299,OK
06:58:07:123,001MEAUK000006C6V0100296,OK
06:59:20:229,001MEAUK000006C6V0100300,OK
06:59:53:005,001MEAUK000006C6V0100297,OK
07:12:05:878,001MEAUK000006C6V0100301,NG
07:12:38:698,001MEAUK000006C6V0100304,OK
07:13:17:210,001MEAUK000006C6V0100305,NG
07:13:50:186,001MEAUK000006C6V0100306,OK
07:14:32:567,001MEAUK000006C6V0100311,OK
07:15:05:384,001MEAUK000006C6V0100302,OK
07:15:43:340,001MEAUK000006C6V0100312,OK
07:16:21:804,001MEAUK000006C6V0100303,OK
07:16:54:989,001MEAUK000006C6V0100310,OK
07:17:27:917,001MEAUK000006C6V0100308,OK
07:18:18:132,001MEAUK000006C6V0100307,OK
07:18:59:087,001MEAUK000006C6V0100316,OK
07:19:53:380,001MEAUK000006C6V0100314,NG
07:20:26:146,001MEAUK000006C6V0100313,OK
07:24:10:165,001MEAUK000006C6V0100319,NG
07:26:12:248,001MEAUK000006C6V0100320,OK
07:27:53:789,001MEAUK000006C6V0100309,OK
07:28:27:072,001MEAUK000006C6V0100232,OK
07:29:18:665,001MEAUK000006C6V0100325,OK
07:29:51:432,001MEAUK000006C6V0100326,OK
07:30:31:064,001MEAUK000006C6V0100317,OK
07:31:04:131,001MEAUK000006C6V0100318,OK
07:31:41:688,001MEAUK000006C6V0100323,OK
07:32:14:511,001MEAUK000006C6V0100327,OK
07:32:53:030,001MEAUK000006C6V0100331,OK
07:33:26:156,001MEAUK000006C6V0100315,OK
07:34:35:035,001MEAUK000006C6V0100333,OK
07:37:14:503,001MEAUK000006C6V0100258,OK
07:37:47:271,001MEAUK000006C6V0100257,OK
07:38:26:866,001MEAUK000006C6V0100231,OK
07:40:44:765,001MEAUK000006C6V0100324,OK
07:45:39:999,001MEAUK000006C6V0100321,OK
07:46:13:174,001MEAUK000006C6V0100322,OK
07:46:50:725,001MEAUK000006C6V0100330,OK
07:47:24:317,001MEAUK000006C6V0100328,NG
07:47:59:989,001MEAUK000006C6V0100329,OK
07:48:42:221,001MEAUK000006C6V0100335,OK
07:49:14:936,001MEAUK000006C6V0100332,OK
07:49:52:839,001MEAUK000006C6V0100334,OK
08:00:19:599,001MEAUK000006C6V0100336,OK
08:01:32:495,001MEAUK000006C6V0100339,OK
08:02:20:471,001MEAUK000006C6V0100341,OK
08:03:14:040,001MEAUK000006C6V0100340,OK
08:04:02:118,001MEAUK000006C6V0100338,OK
08:04:55:032,001MEAUK000006C6V0100337,OK
08:06:22:168,001MEAUK000006C6V0100342,OK
08:17:58:312,001MEAUK000006C6V0100343,OK
08:19:04:953,001MEAUK000006C6V0100345,OK
08:20:16:838,001MEAUK000006C6V0100346,OK
08:20:49:912,001MEAUK000006C6V0100347,OK
08:28:29:932,001MEAUK000006C6V0100344,OK
08:29:50:148,001MEAUK000006C6V0100348,OK
08:30:22:765,001MEAUK000006C6V0100349,OK
08:35:53:440,001MEAUK000006C6V0100358,OK
08:37:11:735,001MEAUK000006C6V0100359,OK
08:38:15:836,001MEAUK000006C6V0100360,OK
08:39:46:391,001MEAUK000006C6V0100355,OK
08:41:35:004,001MEAUK000006C6V0100356,OK
08:44:04:255,001MEAUK000006C6V0100357,OK
08:46:27:961,001MEAUK000006C6V0100361,OK
08:47:47:682,001MEAUK000006C6V0100364,OK
08:48:20:194,001MEAUK000006C6V0100365,OK
08:51:10:857,001MEAUK000006C6V0100362,OK
08:52:40:742,001MEAUK000006C6V0100363,OK
08:56:15:299,001MEAUK000006C6V0100370,OK
08:58:23:491,001MEAUK000006C6V0100371,OK
09:01:00:717,001MEAUK000006C6V0100372,OK
09:01:41:719,001MEAUK000006C6V0100367,OK
09:06:30:087,001MEAUK000006C6V0100368,OK
09:07:03:110,001MEAUK000006C6V0100369,NG
09:07:40:352,001MEAUK000006C6V0100373,NG
09:08:28:178,001MEAUK000006C6V0100376,OK
09:09:19:911,001MEAUK000006C6V0100377,OK
09:10:49:603,001MEAUK000006C6V0100378,OK
09:11:54:107,001MEAUK000006C6V0100374,OK
09:12:55:049,001MEAUK000006C6V0100375,OK
09:13:28:087,001MEAUK000006C6V0100386,OK
09:14:07:007,001MEAUK000006C6V0100384,OK
09:14:40:183,001MEAUK000006C6V0100392,OK
09:15:19:107,001MEAUK000006C6V0100387,OK
09:16:00:320,001MEAUK000006C6V0100383,OK
09:16:54:203,001MEAUK000006C6V0100388,OK
09:17:27:273,001MEAUK000006C6V0100385,OK
09:18:41:140,001MEAUK000006C6V0100393,OK
09:19:14:212,001MEAUK000006C6V0100389,NG
09:20:18:208,001MEAUK000006C6V0100394,OK
09:24:10:254,001MEAUK000006C6V0100390,OK
09:24:43:229,001MEAUK000006C6V0100380,OK
09:25:17:477,001MEAUK000006C6V0100391,OK
09:25:51:415,001MEAUK000006C6V0100381,OK
09:28:51:245,001MEAUK000006C6V0100353,NG
09:29:25:537,001MEAUK000006C6V0100382,OK
09:29:58:515,001MEAUK000006C6V0100354,OK
09:30:37:028,001MEAUK000006C6V0100379,OK
09:31:37:001,001MEAUK000006C6V0100398,OK
09:32:57:492,001MEAUK000006C6V0100399,OK
09:34:14:720,001MEAUK000006C6V0100400,NG
09:35:31:178,001MEAUK000006C6V0100395,OK
09:36:03:941,001MEAUK000006C6V0100397,OK
09:36:52:066,001MEAUK000006C6V0100396,OK
09:38:03:138,001MEAUK000006C6V0100406,OK
09:42:32:176,001MEAUK000006C6V0100407,OK
09:43:05:106,001MEAUK000006C6V0100408,OK
09:43:43:374,001MEAUK000006C6V0100403,OK
09:45:40:124,001MEAUK000006C6V0100404,OK
09:46:54:401,001MEAUK000006C6V0100405,OK
09:48:17:824,001MEAUK000006C6V0100411,OK
09:49:36:223,001MEAUK000006C6V0100410,OK
09:50:09:239,001MEAUK000006C6V0100412,OK
09:50:57:118,001MEAUK000006C6V0100401,OK
09:51:29:941,001MEAUK000006C6V0100402,OK
09:52:20:918,001MEAUK000006C6V0100416,OK
09:53:32:235,001MEAUK000006C6V0100409,OK
09:54:05:562,001MEAUK000006C6V0100418,OK
09:54:47:940,001MEAUK000006C6V0100417,OK
09:55:58:450,001MEAUK000006C6V0100414,OK
09:56:31:272,001MEAUK000006C6V0100413,OK
09:57:54:036,001MEAUK000006C6V0100424,OK
09:58:27:057,001MEAUK000006C6V0100426,OK
09:59:05:573,001MEAUK000006C6V0100415,OK
09:59:38:847,001MEAUK000006C6V0100425,OK
10:00:17:416,001MEAUK000006C6V0100421,OK
10:00:50:334,001MEAUK000006C6V0100430,OK
10:01:28:694,001MEAUK000006C6V0100429,OK
10:04:09:845,001MEAUK000006C6V0100423,OK
10:04:43:029,001MEAUK000006C6V0100422,OK
10:05:17:477,001MEAUK000006C6V0100434,OK
10:05:59:043,001MEAUK000006C6V0100419,OK
10:06:43:559,001MEAUK000006C6V0100420,OK
10:10:38:918,001MEAUK000006C6V0100428,OK
10:14:34:177,001MEAUK000006C6V0100431,NG
10:15:07:247,001MEAUK000006C6V0100433,OK
10:15:40:878,001MEAUK000006C6V0100427,OK
10:16:14:109,001MEAUK000006C6V0100436,OK
10:16:47:582,001MEAUK000006C6V0100432,OK
10:17:22:634,001MEAUK000006C6V0100441,OK
10:17:59:161,001MEAUK000006C6V0100446,OK
10:19:43:702,001MEAUK000006C6V0100443,NG
10:20:16:671,001MEAUK000006C6V0100435,OK
10:20:54:673,001MEAUK000006C6V0100445,OK
10:21:28:156,001MEAUK000006C6V0100447,NG
10:22:06:512,001MEAUK000006C6V0100437,OK
10:22:50:108,001MEAUK000006C6V0100440,OK
10:23:25:934,001MEAUK000006C6V0100442,OK
10:24:17:015,001MEAUK000006C6V0100438,OK
10:25:01:274,001MEAUK000006C6V0100448,OK
10:25:39:993,001MEAUK000006C6V0100444,OK
10:26:21:968,001MEAUK000006C6V0100452,OK
10:27:30:188,001MEAUK000006C6V0100454,OK
10:28:03:109,001MEAUK000006C6V0100453,OK
10:28:42:996,001MEAUK000006C6V0100449,OK
10:29:21:767,001MEAUK000006C6V0100450,OK
10:30:37:872,001MEAUK000006C6V0100451,OK
10:31:10:435,001MEAUK000006C6V0100458,OK
10:32:02:425,001MEAUK000006C6V0100459,OK
10:33:13:908,001MEAUK000006C6V0100460,OK
10:33:46:731,001MEAUK000006C6V0100455,OK
10:34:41:013,001MEAUK000006C6V0100456,OK
10:35:46:996,001MEAUK000006C6V0100457,OK
10:43:38:727,001MEAUK000006C6V0100465,OK
10:45:09:277,001MEAUK000006C6V0100466,OK
10:45:42:501,001MEAUK000006C6V0100461,OK
10:46:45:431,001MEAUK000006C6V0100462,OK
10:47:35:240,001MEAUK000006C6V0100472,OK
10:48:30:285,001MEAUK000006C6V0100463,OK
10:49:03:514,001MEAUK000006C6V0100474,OK
10:50:05:284,001MEAUK000006C6V0100473,OK
10:50:39:019,001MEAUK000006C6V0100469,OK
10:52:02:347,001MEAUK000006C6V0100470,OK
10:52:36:637,001MEAUK000006C6V0100471,OK
10:54:01:094,001MEAUK000006C6V0100482,OK
10:54:38:189,001MEAUK000006C6V0100483,OK
10:55:16:201,001MEAUK000006C6V0100484,OK
10:55:50:694,001MEAUK000006C6V0100479,OK
10:56:58:715,001MEAUK000006C6V0100480,OK
10:57:32:812,001MEAUK000006C6V0100481,OK
10:58:09:956,001MEAUK000006C6V0100476,OK
10:58:51:022,001MEAUK000006C6V0100467,NG
10:59:45:155,001MEAUK000006C6V0100477,OK
11:00:21:225,001MEAUK000006C6V0100478,OK
11:01:03:870,001MEAUK000006C6V0100468,OK
11:02:13:309,001MEAUK000006C6V0100475,OK
11:02:46:838,001MEAUK000006C6V0100488,OK
11:03:42:289,001MEAUK000006C6V0100489,OK
11:04:15:868,001MEAUK000006C6V0100485,OK
11:05:07:664,001MEAUK000006C6V0100490,OK
11:06:18:734,001MEAUK000006C6V0100486,OK
11:07:22:848,001MEAUK000006C6V0100487,OK
11:07:56:174,001MEAUK000006C6V0100495,OK
11:08:50:667,001MEAUK000006C6V0100494,OK
11:09:39:503,001MEAUK000006C6V0100491,OK
11:10:32:920,001MEAUK000006C6V0100496,OK
11:11:45:619,001MEAUK000006C6V0100493,OK
11:12:18:644,001MEAUK000006C6V0100492,OK
11:15:02:241,001MEAUK000006C6V0100501,OK
11:16:11:986,001MEAUK000006C6V0100502,OK
11:16:44:856,001MEAUK000006C6V0100498,OK
11:17:57:147,001MEAUK000006C6V0100497,OK
11:19:39:655,001MEAUK000006C6V0100499,OK
11:20:47:462,001MEAUK000006C6V0100507,OK
11:21:20:636,001MEAUK000006C6V0100503,OK
11:21:59:608,001MEAUK000006C6V0100506,OK
11:23:11:591,001MEAUK000006C6V0100508,OK
11:23:44:812,001MEAUK000006C6V0100505,OK
11:24:22:462,001MEAUK000006C6V0100504,OK
11:24:56:294,001MEAUK000006C6V0100509,OK
11:25:37:050,001MEAUK000006C6V0100513,OK
11:26:48:473,001MEAUK000006C6V0100512,OK
11:27:25:875,001MEAUK000006C6V0100518,NG
11:28:00:619,001MEAUK000006C6V0100514,OK
11:28:39:695,001MEAUK000006C6V0100510,OK
11:29:24:567,001MEAUK000006C6V0100519,OK
11:30:19:363,001MEAUK000006C6V0100511,OK
11:30:58:488,001MEAUK000006C6V0100516,OK
11:31:50:375,001MEAUK000006C6V0100524,OK
11:32:56:925,001MEAUK000006C6V0100520,OK
11:33:30:155,001MEAUK000006C6V0100522,NG
11:34:08:213,001MEAUK000006C6V0100525,OK
11:35:20:250,001MEAUK000006C6V0100515,OK
11:35:53:579,001MEAUK000006C6V0100517,OK
11:37:00:784,001MEAUK000006C6V0100531,OK
11:37:34:366,001MEAUK000006C6V0100526,NG
12:10:23:341,001MEAUK000006C6V0100532,OK
12:11:04:655,001MEAUK000006C6V0100527,OK
12:11:37:984,001MEAUK000006C6V0100521,OK
12:16:02:846,001MEAUK000006C6V0100523,OK
12:16:36:275,001MEAUK000006C6V0100536,OK
12:18:52:243,001MEAUK000006C6V0100537,OK
12:20:16:281,001MEAUK000006C6V0100535,OK
12:20:49:862,001MEAUK000006C6V0100539,OK
12:21:29:194,001MEAUK000006C6V0100530,OK
12:22:02:673,001MEAUK000006C6V0100528,OK
12:22:41:290,001MEAUK000006C6V0100543,NG
12:23:14:774,001MEAUK000006C6V0100549,NG
12:23:59:141,001MEAUK000006C6V0100544,OK
12:24:46:558,001MEAUK000006C6V0100550,OK
12:26:20:411,001MEAUK000006C6V0100529,OK
12:28:43:657,001MEAUK000006C6V0100546,OK
12:29:16:779,001MEAUK000006C6V0100538,OK
12:29:49:854,001MEAUK000006C6V0100556,OK
12:30:23:646,001MEAUK000006C6V0100534,OK
12:30:56:618,001MEAUK000006C6V0100553,OK
12:33:28:865,001MEAUK000006C6V0100554,OK
12:34:01:891,001MEAUK000006C6V0100540,OK
12:34:35:271,001MEAUK000006C6V0100533,OK
12:35:08:852,001MEAUK000006C6V0100548,OK
12:35:43:819,001MEAUK000006C6V0100547,OK
12:36:16:943,001MEAUK000006C6V0100542,OK
12:36:50:318,001MEAUK000006C6V0100562,OK
12:37:24:106,001MEAUK000006C6V0100541,OK
12:37:57:083,001MEAUK000006C6V0100551,OK
12:38:30:216,001MEAUK000006C6V0100545,OK
12:39:03:240,001MEAUK000006C6V0100555,OK
12:39:36:369,001MEAUK000006C6V0100552,OK
12:42:14:261,001MEAUK000006C6V0100560,OK
12:42:47:696,001MEAUK000006C6V0100561,OK
12:43:20:971,001MEAUK000006C6V0100557,OK
12:51:01:458,001MEAUK000006C6V0100558,OK
12:52:29:976,001MEAUK000006C6V0100559,OK
12:53:06:967,001MEAUK000006C6V0100566,OK
12:54:41:340,001MEAUK000006C6V0100567,OK
12:55:27:380,001MEAUK000006C6V0100568,NG
13:04:50:152,001MEAUK000006C6V0100563,OK
13:05:22:859,001MEAUK000006C6V0100565,OK
13:06:04:178,001MEAUK000006C6V0100564,OK
13:06:37:096,001MEAUK000006C6V0100573,OK
13:07:10:421,001MEAUK000006C6V0100569,OK
13:07:43:500,001MEAUK000006C6V0100570,OK
13:08:34:990,001MEAUK000006C6V0100572,OK
13:09:08:215,001MEAUK000006C6V0100579,OK
13:09:41:288,001MEAUK000006C6V0100574,OK
13:10:14:208,001MEAUK000006C6V0100575,OK
13:10:47:326,001MEAUK000006C6V0100585,OK
13:11:20:713,001MEAUK000006C6V0100571,OK
13:11:53:940,001MEAUK000006C6V0100586,OK
13:12:27:580,001MEAUK000006C6V0100581,OK
13:13:00:507,001MEAUK000006C6V0100578,OK
13:13:33:436,001MEAUK000006C6V0100583,OK
13:14:36:073,001MEAUK000006C6V0100580,OK
13:15:08:944,001MEAUK000006C6V0100576,OK
13:15:41:714,001MEAUK000006C6V0100588,OK
13:16:14:891,001MEAUK000006C6V0100584,OK
13:16:48:228,001MEAUK000006C6V0100589,NG
13:17:21:304,001MEAUK000006C6V0100577,OK
13:17:54:532,001MEAUK000006C6V0100582,OK
13:18:27:511,001MEAUK000006C6V0100590,OK
13:19:00:490,001MEAUK000006C6V0100596,OK
13:19:36:564,001MEAUK000006C6V0100591,OK
13:20:12:803,001MEAUK000006C6V0100587,OK
13:20:52:185,001MEAUK000006C6V0100595,OK
13:21:31:718,001MEAUK000006C6V0100593,OK
13:23:05:877,001MEAUK000006C6V0100351,OK
13:26:17:895,001MEAUK000006C6V0100597,OK
13:27:51:086,001MEAUK000006C6V0100352,OK
13:28:26:552,001MEAUK000006C6V0100598,OK
13:29:03:341,001MEAUK000006C6S0101048,OK
13:29:38:498,001MEAUK000006C6S0101145,OK
13:30:14:165,001MEAUK000006C6V0100607,OK
13:30:49:776,001MEAUK000006C6V0100594,OK
13:31:25:090,001MEAUK000006C6S0101146,OK
13:32:00:308,001MEAUK000006C6V0100606,OK
13:32:37:399,001MEAUK000006C6S0101047,OK
13:33:22:326,001MEAUK000006C6V0100604,OK
13:33:57:489,001MEAUK000006C6V0100603,OK
13:34:34:485,001MEAUK000006C6V0100612,OK
13:35:09:547,001MEAUK000006C6V0100610,OK
13:35:45:725,001MEAUK000006C6V0100608,OK
13:36:35:585,001MEAUK000006C6V0100611,OK
13:37:11:199,001MEAUK000006C6V0100605,OK
13:37:46:617,001MEAUK000006C6V0100613,OK
13:39:08:066,001MEAUK000006C6V0100621,OK
13:44:28:930,001MEAUK000006C6V0100617,OK
13:45:31:763,001MEAUK000006C6V0100618,OK
13:46:33:629,001MEAUK000006C6V0100619,OK
13:47:07:211,001MEAUK000006C6V0100614,OK
13:47:40:538,001MEAUK000006C6V0100609,OK
13:48:14:018,001MEAUK000006C6V0100627,OK
13:48:47:450,001MEAUK000006C6V0100625,OK
13:49:20:526,001MEAUK000006C6V0100620,OK
13:49:53:803,001MEAUK000006C6V0100634,OK
13:50:27:181,001MEAUK000006C6V0100622,OK
13:51:28:746,001MEAUK000006C6V0100623,OK
13:52:02:024,001MEAUK000006C6V0100629,OK
13:53:04:908,001MEAUK000006C6V0100626,OK
13:54:39:934,001MEAUK000006C6V0100631,OK
13:55:13:412,001MEAUK000006C6V0100638,OK
13:56:10:897,001MEAUK000006C6V0100628,OK
13:57:21:214,001MEAUK000006C6V0100639,OK
13:57:54:599,001MEAUK000006C6V0100624,OK
14:07:12:448,001MEAUK000006C6V0100632,OK
14:08:25:904,001MEAUK000006C6V0100637,OK
14:08:59:128,001MEAUK000006C6V0100644,OK
14:09:41:764,001MEAUK000006C6V0100633,OK
14:10:15:656,001MEAUK000006C6V0100643,OK
14:10:58:751,001MEAUK000006C6V0100630,OK
14:11:32:080,001MEAUK000006C6V0100652,OK
14:12:10:597,001MEAUK000006C6V0100651,OK
14:12:43:773,001MEAUK000006C6V0100647,NG
14:13:22:546,001MEAUK000006C6V0100640,OK
14:14:33:770,001MEAUK000006C6V0100648,NG
14:15:07:308,001MEAUK000006C6V0100657,OK
14:15:45:271,001MEAUK000006C6V0100658,OK
14:16:18:390,001MEAUK000006C6V0100635,OK
14:16:55:848,001MEAUK000006C6V0100653,OK
14:17:29:122,001MEAUK000006C6V0100636,OK
14:18:41:971,001MEAUK000006C6V0100655,OK
14:19:15:294,001MEAUK000006C6V0100645,OK
14:19:48:824,001MEAUK000006C6V0100659,OK
14:20:22:355,001MEAUK000006C6V0100641,OK
14:20:55:630,001MEAUK000006C6V0100602,OK
14:21:29:011,001MEAUK000006C6V0100669,OK
14:22:02:236,001MEAUK000006C6V0100615,OK
14:23:11:478,001MEAUK000006C6V0100642,OK
14:23:44:560,001MEAUK000006C6V0100666,OK
14:24:27:497,001MEAUK000006C6V0100650,OK
14:25:00:367,001MEAUK000006C6V0100649,OK
14:25:39:436,001MEAUK000006C6V0100673,OK
14:26:12:814,001MEAUK000006C6V0100656,OK
14:26:50:826,001MEAUK000006C6V0100663,OK
14:27:24:362,001MEAUK000006C6V0100654,OK
14:28:12:083,001MEAUK000006C6V0100664,OK
14:28:45:257,001MEAUK000006C6V0100677,OK
14:29:23:670,001MEAUK000006C6V0100680,OK
14:29:57:047,001MEAUK000006C6V0100678,OK
14:30:35:660,001MEAUK000006C6V0100616,OK
14:31:08:939,001MEAUK000006C6V0100601,OK
14:31:51:576,001MEAUK000006C6V0100679,OK
14:32:24:953,001MEAUK000006C6V0100688,OK
14:33:08:505,001MEAUK000006C6V0100686,OK
14:34:19:830,001MEAUK000006C6V0100668,OK
14:34:52:952,001MEAUK000006C6V0100683,NG
14:35:45:460,001MEAUK000006C6V0100684,OK
14:36:43:057,001MEAUK000006C6V0100685,OK
14:37:16:391,001MEAUK000006C6V0100670,OK
14:37:50:382,001MEAUK000006C6V0100646,OK
14:38:40:751,001MEAUK000006C6V0100665,OK
14:39:13:975,001MEAUK000006C6V0100693,OK
14:40:02:711,001MEAUK000006C6V0100439,OK
14:41:10:733,001MEAUK000006C6V0100667,OK
14:41:44:061,001MEAUK000006C6V0100672,OK
14:43:16:597,001MEAUK000006C6V0100674,OK
14:44:25:381,001MEAUK000006C6V0100671,OK
14:44:58:810,001MEAUK000006C6V0100681,NG
14:47:27:089,001MEAUK000006C6V0100690,OK
14:48:43:552,001MEAUK000006C6V0100691,OK
14:49:16:932,001MEAUK000006C6V0100676,OK
14:49:55:493,001MEAUK000006C6V0100682,OK
14:50:28:825,001MEAUK000006C6V0100687,OK
14:51:17:667,001MEAUK000006C6V0100696,OK
14:51:54:001,001MEAUK000006C6V0100675,OK
14:52:27:589,001MEAUK000006C6V0100694,OK
14:53:01:065,001MEAUK000006C6V0100695,OK
14:53:52:049,001MEAUK000006C6V0100689,OK
14:55:03:217,001MEAUK000006C6V0100661,OK
14:55:36:499,001MEAUK000006C6V0100703,NG
14:57:26:988,001MEAUK000006C6V0100662,OK
14:59:53:080,001MEAUK000006C6V0100702,OK
15:01:19:306,001MEAUK000006C6V0100701,OK
15:02:33:527,001MEAUK000006C6V0100704,OK
15:04:48:432,001MEAUK000006C6V0100708,OK
15:06:07:488,001MEAUK000006C6V0100709,OK
15:07:01:932,001MEAUK000006C6V0100699,OK
15:07:55:708,001MEAUK000006C6V0100710,OK
15:09:26:564,001MEAUK000006C6V0100700,OK
15:10:24:050,001MEAUK000006C6V0100707,OK
15:11:29:526,001MEAUK000006C6V0100705,OK
15:12:17:702,001MEAUK000006C6V0100706,NG
15:13:00:082,001MEAUK000006C6V0100718,OK
15:13:42:112,001MEAUK000006C6V0100716,OK
15:14:44:536,001MEAUK000006C6V0100714,OK
15:15:32:050,001MEAUK000006C6V0100717,NG
15:16:18:199,001MEAUK000006C6V0100722,OK
15:17:05:005,001MEAUK000006C6V0100724,OK
15:19:23:113,001MEAUK000006C6V0100713,OK
15:21:45:594,001MEAUK000006C6V0100729,OK
15:23:05:811,001MEAUK000006C6V0100730,OK
15:24:25:882,001MEAUK000006C6V0100725,NG
15:25:06:692,001MEAUK000006C6V0100715,OK
15:25:53:298,001MEAUK000006C6V0100723,OK
15:27:09:301,001MEAUK000006C6V0100734,OK
15:27:53:514,001MEAUK000006C6V0100719,OK
15:28:40:425,001MEAUK000006C6V0100720,OK
15:29:26:417,001MEAUK000006C6V0100732,OK
15:30:12:312,001MEAUK000006C6V0100733,OK
15:30:55:556,001MEAUK000006C6V0100728,OK
15:31:42:817,001MEAUK000006C6V0100737,OK
15:32:31:208,001MEAUK000006C6V0100740,OK
15:33:20:562,001MEAUK000006C6V0100739,OK
15:34:07:472,001MEAUK000006C6V0100746,OK
15:34:55:444,001MEAUK000006C6V0100743,OK
15:36:42:831,001MEAUK000006C6V0100726,OK
15:39:37:414,001MEAUK000006C6V0100727,OK
15:40:10:998,001MEAUK000006C6V0100692,OK
15:40:56:848,001MEAUK000006C6V0100731,OK
15:41:45:848,001MEAUK000006C6V0100735,OK
15:42:49:751,001MEAUK000006C6V0100742,OK
15:43:36:048,001MEAUK000006C6V0100741,OK
15:44:28:756,001MEAUK000006C6V0100738,OK
15:45:50:765,001MEAUK000006C6V0100751,OK
15:47:01:133,001MEAUK000006C6V0100712,OK
15:47:47:988,001MEAUK000006C6V0100752,OK
15:48:34:643,001MEAUK000006C6V0100747,OK
15:49:24:204,001MEAUK000006C6V0100721,OK
15:50:11:265,001MEAUK000006C6V0100755,OK
15:51:03:668,001MEAUK000006C6V0100748,OK
15:51:50:674,001MEAUK000006C6V0100757,OK
15:52:34:939,001MEAUK000006C6V0100764,OK
15:53:54:397,001MEAUK000006C6V0100744,OK
15:54:28:138,001MEAUK000006C6V0100750,OK
15:55:10:772,001MEAUK000006C6V0100745,OK
15:56:03:480,001MEAUK000006C6V0100766,OK
15:56:44:534,001MEAUK000006C6V0100758,OK
15:57:27:425,001MEAUK000006C6V0100711,OK
15:58:13:881,001MEAUK000006C6V0100768,OK
15:58:57:946,001MEAUK000006C6V0100761,OK
15:59:44:193,001MEAUK000006C6V0100760,OK
16:00:40:714,001MEAUK000006C6V0100736,OK
16:01:26:043,001MEAUK000006C6V0100756,OK
16:02:14:026,001MEAUK000006C6V0100762,OK
16:02:54:983,001MEAUK000006C6V0100763,OK
16:03:41:229,001MEAUK000006C6V0100754,OK
16:04:26:157,001MEAUK000006C6V0100759,OK
16:05:10:422,001MEAUK000006C6V0100775,OK
16:06:07:096,001MEAUK000006C6V0100767,OK
16:06:57:573,001MEAUK000006C6V0100765,OK
16:07:41:841,001MEAUK000006C6V0100773,OK
16:08:26:930,001MEAUK000006C6V0100697,OK
16:09:07:527,001MEAUK000006C6V0100749,NG
16:09:48:076,001MEAUK000006C6V0100780,OK
16:10:28:116,001MEAUK000006C6V0100698,OK
16:11:02:107,001MEAUK000006C6V0100774,OK
16:11:53:892,001MEAUK000006C6V0100781,OK
16:12:33:982,001MEAUK000006C6V0100776,OK
16:13:14:687,001MEAUK000006C6V0100753,OK
16:13:54:177,001MEAUK000006C6V0100789,OK
16:14:36:253,001MEAUK000006C6V0100779,OK
16:15:15:117,001MEAUK000006C6V0100782,NG
16:15:51:651,001MEAUK000006C6V0100788,OK
16:16:25:553,001MEAUK000006C6V0100777,OK
16:17:05:599,001MEAUK000006C6V0100771,OK
16:17:45:386,001MEAUK000006C6V0100778,OK
16:18:24:063,001MEAUK000006C6V0100795,OK
16:19:03:449,001MEAUK000006C6V0100791,OK
16:19:44:458,001MEAUK000006C6V0100785,OK
16:20:30:248,001MEAUK000006C6V0100790,NG
16:21:09:526,001MEAUK000006C6V0100792,OK
16:21:51:296,001MEAUK000006C6V0100786,OK
16:22:31:092,001MEAUK000006C6V0100793,OK
16:23:31:174,001MEAUK000006C6V0100798,OK
16:25:45:316,001MEAUK000006C6V0100787,OK
16:26:18:802,001MEAUK000006C6V0100799,OK
16:26:59:509,001MEAUK000006C6V0100794,OK
16:27:57:259,001MEAUK000006C6V0100803,OK
16:29:08:024,001MEAUK000006C6V0100800,OK
16:30:16:405,001MEAUK000006C6V0100801,NG
16:30:49:830,001MEAUK000006C6V0100802,OK
16:36:56:119,001MEAUK000006C6V0100804,OK
16:37:44:906,001MEAUK000006C6V0100812,OK
16:38:24:195,001MEAUK000006C6V0100813,OK
16:39:04:642,001MEAUK000006C6V0100806,OK
16:39:47:384,001MEAUK000006C6V0100819,OK
16:40:25:442,001MEAUK000006C6V0100817,NG
16:41:03:351,001MEAUK000006C6V0100814,OK
16:41:43:752,001MEAUK000006C6V0100809,OK
16:42:33:514,001MEAUK000006C6V0100797,OK
16:43:18:949,001MEAUK000006C6V0100807,OK
16:43:56:653,001MEAUK000006C6V0100818,OK
16:44:35:215,001MEAUK000006C6V0100811,OK
16:45:16:937,001MEAUK000006C6V0100821,OK
16:45:53:978,001MEAUK000006C6V0100805,OK
16:46:31:370,001MEAUK000006C6V0100823,OK
16:47:13:501,001MEAUK000006C6V0100810,OK
16:47:48:813,001MEAUK000006C6V0100815,OK
16:48:29:262,001MEAUK000006C6V0100825,OK
16:49:11:135,001MEAUK000006C6V0100822,OK
16:49:50:315,001MEAUK000006C6V0100816,OK
16:50:28:730,001MEAUK000006C6V0100820,OK
16:52:55:899,001MEAUK000006C6V0100837,NG
16:53:37:824,001MEAUK000006C6V0100831,OK
16:54:21:483,001MEAUK000006C6V0100832,OK
16:54:58:418,001MEAUK000006C6V0100833,OK
16:55:41:357,001MEAUK000006C6V0100830,OK
16:56:20:389,001MEAUK000006C6V0100824,OK
16:57:02:618,001MEAUK000006C6V0100828,OK
16:57:37:979,001MEAUK000006C6V0100826,OK
16:58:13:344,001MEAUK000006C6V0100829,OK
16:59:13:931,001MEAUK000006C6V0100834,OK
16:59:55:850,001MEAUK000006C6V0100836,OK
17:00:38:590,001MEAUK000006C6V0100827,OK
17:01:15:430,001MEAUK000006C6V0100838,OK
17:01:53:594,001MEAUK000006C6V0100841,OK
17:05:19:402,001MEAUK000006C6V0100842,OK
17:05:53:041,001MEAUK000006C6V0100783,OK
17:06:26:569,001MEAUK000006C6V0100848,OK
17:07:04:376,001MEAUK000006C6V0100840,OK
17:07:53:323,001MEAUK000006C6V0100843,OK
17:08:34:788,001MEAUK000006C6V0100844,OK
17:09:16:154,001MEAUK000006C6V0100784,OK
17:09:54:922,001MEAUK000006C6V0100851,OK
17:10:53:172,001MEAUK000006C6V0100850,OK
17:13:05:686,001MEAUK000006C6V0100839,OK
17:13:42:364,001MEAUK000006C6V0100852,OK
17:14:22:661,001MEAUK000006C6V0100855,OK
17:15:19:851,001MEAUK000006C6V0100854,OK
17:15:58:057,001MEAUK000006C6V0100856,OK
17:16:35:306,001MEAUK000006C6V0100846,OK
17:17:09:906,001MEAUK000006C6V0100867,OK
17:19:46:326,001MEAUK000006C6V0100847,OK
17:20:46:207,001MEAUK000006C6V0100857,OK
17:21:19:899,001MEAUK000006C6V0100845,OK
17:21:54:601,001MEAUK000006C6V0100858,OK
17:22:29:822,001MEAUK000006C6V0100835,OK
17:23:08:040,001MEAUK000006C6V0100770,OK
17:23:58:664,001MEAUK000006C6V0100849,OK
17:24:38:301,001MEAUK000006C6V0100853,OK
17:25:12:344,001MEAUK000006C6V0100866,OK
17:25:55:901,001MEAUK000006C6V0100868,OK
17:26:36:147,001MEAUK000006C6V0100865,OK
17:27:19:747,001MEAUK000006C6V0100874,OK
17:27:57:604,001MEAUK000006C6V0100769,OK
17:28:34:241,001MEAUK000006C6V0100869,OK
17:29:14:431,001MEAUK000006C6V0100863,OK
17:30:02:358,001MEAUK000006C6V0100879,OK
17:30:44:790,001MEAUK000006C6V0100880,OK
17:31:22:395,001MEAUK000006C6V0100872,OK
17:31:58:519,001MEAUK000006C6V0100877,NG
17:32:32:161,001MEAUK000006C6V0100873,OK
17:33:11:294,001MEAUK000006C6V0100870,OK
17:33:49:610,001MEAUK000006C6V0100885,OK
17:34:27:727,001MEAUK000006C6V0100871,OK
17:35:02:639,001MEAUK000006C6V0100886,OK
17:35:44:164,001MEAUK000006C6V0100882,NG
17:36:18:458,001MEAUK000006C6V0100878,OK
17:36:53:926,001MEAUK000006C6V0100875,OK
17:37:33:916,001MEAUK000006C6V0100883,OK
17:38:31:411,001MEAUK000006C6V0100876,OK
17:39:04:994,001MEAUK000006C6V0100884,OK
17:39:56:586,001MEAUK000006C6V0100887,OK
17:40:30:327,001MEAUK000006C6V0100889,OK
17:41:12:559,001MEAUK000006C6V0100881,OK
17:42:23:370,001MEAUK000006C6V0100890,OK
17:42:56:703,001MEAUK000006C6V0100897,OK
17:43:38:583,001MEAUK000006C6V0100891,OK
17:44:11:966,001MEAUK000006C6V0100892,OK
17:44:56:583,001MEAUK000006C6V0100893,OK
17:45:30:119,001MEAUK000006C6V0100888,OK
17:46:15:145,001MEAUK000006C6V0100895,OK
17:46:52:544,001MEAUK000006C6V0100904,OK
17:47:46:126,001MEAUK000006C6V0100903,OK
17:48:19:655,001MEAUK000006C6V0100898,OK
17:49:03:712,001MEAUK000006C6V0100896,OK
17:50:11:984,001MEAUK000006C6V0100894,OK
17:51:22:342,001MEAUK000006C6V0100902,OK
17:52:33:970,001MEAUK000006C6V0100901,OK
17:53:07:955,001MEAUK000006C6V0100899,OK
17:53:48:613,001MEAUK000006C6V0100906,OK
17:54:40:353,001MEAUK000006C6V0100861,OK
17:55:51:173,001MEAUK000006C6V0100862,OK
17:57:00:365,001MEAUK000006C6V0100912,OK
17:58:20:549,001MEAUK000006C6V0100905,OK
17:58:54:032,001MEAUK000006C6V0100859,OK
18:00:05:197,001MEAUK000006C6V0100860,NG
18:01:48:362,001MEAUK000006C6V0100914,OK
18:04:54:690,001MEAUK000006C6V0100913,OK
18:05:38:794,001MEAUK000006C6V0100910,OK
18:06:15:073,001MEAUK000006C6V0100911,OK
18:06:52:520,001MEAUK000006C6V0100909,OK
18:07:32:873,001MEAUK000006C6V0100920,NG
18:08:20:141,001MEAUK000006C6V0100921,OK
18:08:56:820,001MEAUK000006C6V0100918,OK
18:09:36:306,001MEAUK000006C6V0100922,OK
18:10:12:933,001MEAUK000006C6V0100919,OK
18:11:37:785,001MEAUK000006C6V0100926,OK
18:13:03:196,001MEAUK000006C6V0100928,OK
18:15:22:321,001MEAUK000006C6V0100925,OK
18:16:50:176,001MEAUK000006C6V0100924,OK
18:18:02:926,001MEAUK000006C6V0100934,NG
18:19:14:251,001MEAUK000006C6V0100930,OK
18:20:19:229,001MEAUK000006C6V0100917,OK
18:21:54:657,001MEAUK000006C6V0100927,OK
18:22:57:292,001MEAUK000006C6V0100931,OK
18:23:31:021,001MEAUK000006C6V0100923,OK
18:24:23:935,001MEAUK000006C6V0100937,OK
18:24:57:319,001MEAUK000006C6V0100945,OK
18:25:40:922,001MEAUK000006C6V0100944,OK
18:26:40:394,001MEAUK000006C6V0100933,OK
18:27:13:768,001MEAUK000006C6V0100941,OK
18:27:53:602,001MEAUK000006C6V0100929,OK
18:28:31:968,001MEAUK000006C6V0100943,OK
18:29:09:413,001MEAUK000006C6V0100950,OK
18:29:47:973,001MEAUK000006C6V0100938,OK
18:30:27:001,001MEAUK000006C6V0100939,OK
18:31:15:340,001MEAUK000006C6V0100952,OK
18:31:48:972,001MEAUK000006C6V0100940,OK
18:32:35:724,001MEAUK000006C6V0100948,OK
18:33:09:405,001MEAUK000006C6V0100949,OK
18:34:16:300,001MEAUK000006C6V0100935,OK
18:34:49:730,001MEAUK000006C6V0100963,OK
18:35:39:187,001MEAUK000006C6V0100962,OK
18:36:49:543,001MEAUK000006C6V0100936,OK
18:38:02:755,001MEAUK000006C6V0100960,OK
18:39:27:207,001MEAUK000006C6V0100946,OK
18:40:00:529,001MEAUK000006C6V0100961,OK
18:40:38:429,001MEAUK000006C6V0100942,OK
18:41:19:437,001MEAUK000006C6V0100951,NG
18:42:12:751,001MEAUK000006C6V0100968,OK
18:43:23:819,001MEAUK000006C6V0100969,OK
18:43:57:196,001MEAUK000006C6V0100947,OK
18:44:55:998,001MEAUK000006C6V0100956,OK
18:45:29:477,001MEAUK000006C6V0100957,OK
18:46:31:540,001MEAUK000006C6V0100965,OK
18:47:05:070,001MEAUK000006C6V0100958,OK
18:48:04:953,001MEAUK000006C6V0100967,OK
18:48:46:575,001MEAUK000006C6V0100953,OK
18:49:23:059,001MEAUK000006C6V0100974,OK
18:49:59:752,001MEAUK000006C6V0100954,OK
18:50:56:270,001MEAUK000006C6V0100976,OK
18:51:29:752,001MEAUK000006C6V0100955,OK
18:52:18:032,001MEAUK000006C6V0100972,OK
18:52:57:256,001MEAUK000006C6V0100981,OK
18:53:51:078,001MEAUK000006C6V0100959,OK
18:54:24:198,001MEAUK000006C6V0100970,OK
18:55:01:804,001MEAUK000006C6V0100982,OK
18:55:39:657,001MEAUK000006C6V0100979,OK
18:58:45:473,001MEAUK000006C6V0100900,OK
19:01:30:431,001MEAUK000006C6V0100966,NG
19:02:41:447,001MEAUK000006C6V0100975,OK
19:03:51:399,001MEAUK000006C6V0100984,OK
19:04:45:274,001MEAUK000006C6V0100987,OK
19:05:18:546,001MEAUK000006C6V0100973,OK
19:06:14:202,001MEAUK000006C6V0100971,OK
19:06:47:377,001MEAUK000006C6V0100980,OK
19:07:20:853,001MEAUK000006C6V0100985,OK
19:07:56:219,001MEAUK000006C6V0100992,OK
19:09:09:221,001MEAUK000006C6V0100993,OK
19:09:42:749,001MEAUK000006C6V0100990,OK
19:10:20:913,001MEAUK000006C6V0100977,OK
19:10:54:494,001MEAUK000006C6V0101000,OK
19:11:32:401,001MEAUK000006C6V0100998,OK
19:12:05:928,001MEAUK000006C6V0100986,OK
19:12:43:934,001MEAUK000006C6V0100978,OK
19:13:17:663,001MEAUK000006C6V0100988,OK
19:13:56:490,001MEAUK000006C6V0100996,OK
19:14:29:725,001MEAUK000006C6V0100983,OK
19:15:07:425,001MEAUK000006C6V0101004,OK
19:15:40:653,001MEAUK000006C6V0100989,OK
19:16:19:121,001MEAUK000006C6V0100994,OK
19:17:30:649,001MEAUK000006C6V0100991,OK
19:18:38:459,001MEAUK000006C6V0101006,NG
19:19:52:425,001MEAUK000006C6V0100999,OK
19:21:29:945,001MEAUK000006C6V0100995,OK
19:22:03:015,001MEAUK000006C6V0101012,OK
19:23:18:773,001MEAUK000006C6V0100997,OK
19:23:52:455,001MEAUK000006C6V0101007,OK
19:24:42:161,001MEAUK000006C6V0101005,OK
19:25:56:136,001MEAUK000006C6V0101001,OK
19:26:40:600,001MEAUK000006C6V0101008,OK
19:27:34:271,001MEAUK000006C6V0101002,OK
19:28:47:729,001MEAUK000006C6V0101017,OK
19:29:31:691,001MEAUK000006C6V0101015,OK
19:30:07:157,001MEAUK000006C6V0101013,OK
19:30:44:455,001MEAUK000006C6V0101029,OK
19:31:20:018,001MEAUK000006C6V0101010,OK
19:31:53:759,001MEAUK000006C6V0101030,OK
19:32:27:339,001MEAUK000006C6V0101011,OK
19:33:04:584,001MEAUK000006C6V0101027,OK
19:33:42:792,001MEAUK000006C6V0101009,OK
19:34:24:459,001MEAUK000006C6V0101024,OK
19:35:13:913,001MEAUK000006C6V0101016,OK
19:35:51:818,001MEAUK000006C6V0101019,OK
19:36:27:285,001MEAUK000006C6V0101018,OK
19:37:01:992,001MEAUK000006C6V0101035,NG
19:37:35:729,001MEAUK000006C6V0101020,OK
19:38:12:821,001MEAUK000006C6V0101032,OK
19:38:49:606,001MEAUK000006C6V0101014,OK
19:39:25:063,001MEAUK000006C6V0101025,OK
19:40:03:075,001MEAUK000006C6V0101028,OK
19:40:59:742,001MEAUK000006C6V0101040,OK
19:42:02:369,001MEAUK000006C6V0101026,OK
19:49:36:246,001MEAUK000006C6V0101022,OK
19:50:40:448,001MEAUK000006C6V0101041,OK
19:51:13:831,001MEAUK000006C6V0101021,OK
19:51:51:734,001MEAUK000006C6V0101023,OK
19:52:27:465,001MEAUK000006C6V0101037,OK
19:53:03:649,001MEAUK000006C6V0101034,OK
19:53:40:078,001MEAUK000006C6V0101036,OK
19:54:19:052,001MEAUK000006C6V0101038,OK
19:54:56:393,001MEAUK000006C6V0101031,OK
19:55:30:179,001MEAUK000006C6V0101047,OK
19:56:06:204,001MEAUK000006C6V0101045,OK
19:56:42:331,001MEAUK000006C6V0101043,OK
19:57:50:602,001MEAUK000006C6V0101052,OK
19:58:23:877,001MEAUK000006C6V0100916,OK
19:59:01:884,001MEAUK000006C6V0101033,OK
19:59:35:922,001MEAUK000006C6V0101054,OK
20:00:13:269,001MEAUK000006C6V0101042,OK
20:00:48:738,001MEAUK000006C6V0101056,OK
20:01:24:663,001MEAUK000006C6V0101039,OK
20:02:01:200,001MEAUK000006C6V0100907,OK
20:02:39:562,001MEAUK000006C6V0101046,OK
20:04:49:081,001MEAUK000006C6V0101062,OK
20:05:27:392,001MEAUK000006C6V0101048,OK
20:06:01:787,001MEAUK000006C6V0101050,OK
20:06:37:001,001MEAUK000006C6V0101044,OK
20:08:13:202,001MEAUK000006C6V0101059,OK
20:08:52:681,001MEAUK000006C6V0101051,OK
20:09:30:025,001MEAUK000006C6V0101060,OK
20:10:06:762,001MEAUK000006C6V0101070,OK
20:10:48:126,001MEAUK000006C6V0100915,OK
20:11:28:677,001MEAUK000006C6V0101049,OK
20:12:04:545,001MEAUK000006C6V0101067,OK
20:12:44:583,001MEAUK000006C6V0101055,OK
20:13:22:902,001MEAUK000006C6V0101069,OK
20:14:01:621,001MEAUK000006C6V0100908,OK
20:14:50:612,001MEAUK000006C6V0101053,OK
20:15:34:823,001MEAUK000006C6V0101076,OK
20:16:21:378,001MEAUK000006C6V0101063,OK
20:16:57:506,001MEAUK000006C6V0101073,OK
20:17:36:117,001MEAUK000006C6V0101064,OK
20:18:11:125,001MEAUK000006C6V0101075,OK
20:18:47:508,001MEAUK000006C6V0101082,OK
20:19:22:009,001MEAUK000006C6V0101061,OK
20:19:57:165,001MEAUK000006C6V0101003,OK
20:20:33:548,001MEAUK000006C6V0101084,OK
20:21:12:271,001MEAUK000006C6V0101072,OK
20:21:46:870,001MEAUK000006C6V0101071,OK
20:22:24:979,001MEAUK000006C6V0101068,OK
20:23:02:077,001MEAUK000006C6V0101081,OK
20:23:36:429,001MEAUK000006C6V0101077,OK
20:24:11:952,001MEAUK000006C6V0101088,OK
20:25:18:853,001MEAUK000006C6V0101078,OK
20:25:56:056,001MEAUK000006C6V0101090,OK
20:26:29:942,001MEAUK000006C6V0101074,OK
20:27:47:924,001MEAUK000006C6V0101087,OK
20:28:55:389,001MEAUK000006C6V0101083,OK
20:29:28:660,001MEAUK000006C6V0101079,OK
20:30:06:613,001MEAUK000006C6V0101094,OK
20:30:43:807,001MEAUK000006C6V0101091,OK
20:31:20:949,001MEAUK000006C6V0101096,OK
20:31:58:651,001MEAUK000006C6V0101101,OK
20:32:33:349,001MEAUK000006C6V0101089,OK
20:33:14:053,001MEAUK000006C6V0101097,OK
20:33:48:651,001MEAUK000006C6V0101085,OK
20:34:33:220,001MEAUK000006C6V0101095,NG
20:35:09:142,001MEAUK000006C6V0101086,OK
20:35:48:930,001MEAUK000006C6V0101066,OK
20:36:24:345,001MEAUK000006C6V0101099,OK
20:39:37:389,001MEAUK000006C6V0101092,OK
20:40:10:968,001MEAUK000006C6V0101093,OK
20:40:46:685,001MEAUK000006C6V0101058,NG
20:41:20:826,001MEAUK000006C6V0101105,OK
20:41:56:854,001MEAUK000006C6V0101057,OK
20:42:31:303,001MEAUK000006C6V0101108,OK
20:43:06:364,001MEAUK000006C6V0101100,OK
20:43:41:320,001MEAUK000006C6V0101102,OK
20:44:17:192,001MEAUK000006C6V0101107,OK
20:44:52:556,001MEAUK000006C6V0101098,OK
20:45:31:172,001MEAUK000006C6V0101103,OK
20:46:07:858,001MEAUK000006C6V0101115,OK
20:46:44:033,001MEAUK000006C6V0101104,OK
20:47:33:994,001MEAUK000006C6V0101111,OK
20:48:50:412,001MEAUK000006C6V0101065,OK
20:50:09:981,001MEAUK000006C6V0101106,OK
20:50:43:618,001MEAUK000006C6V0101123,OK
20:51:26:355,001MEAUK000006C6V0101122,OK
20:51:59:892,001MEAUK000006C6V0101124,OK
20:52:42:435,001MEAUK000006C6V0101109,OK
20:53:20:793,001MEAUK000006C6V0101110,OK
20:54:13:747,001MEAUK000006C6V0101120,OK
20:55:24:659,001MEAUK000006C6V0101114,OK
20:55:58:237,001MEAUK000006C6V0101127,OK
20:56:47:486,001MEAUK000006C6V0101116,OK
20:57:20:824,001MEAUK000006C6V0101112,OK
20:58:18:570,001MEAUK000006C6V0101117,OK
20:58:53:624,001MEAUK000006C6V0101113,OK
20:59:32:859,001MEAUK000006C6V0101118,OK
21:00:25:469,001MEAUK000006C6V0101119,OK
21:01:19:246,001MEAUK000006C6V0101131,OK
21:01:55:372,001MEAUK000006C6V0101132,OK
21:02:49:352,001MEAUK000006C6V0101121,OK
21:03:23:088,001MEAUK000006C6V0101140,OK
21:04:09:848,001MEAUK000006C6V0101126,OK
21:04:43:533,001MEAUK000006C6V0101142,OK
21:05:35:172,001MEAUK000006C6V0101128,OK
21:06:08:909,001MEAUK000006C6V0101138,OK
21:06:51:388,001MEAUK000006C6V0101125,OK
21:07:52:591,001MEAUK000006C6V0101135,OK
21:08:46:826,001MEAUK000006C6V0101134,OK
21:09:57:694,001MEAUK000006C6V0101144,OK
21:10:40:429,001MEAUK000006C6V0101136,OK
21:11:44:329,001MEAUK000006C6V0101133,OK
21:12:17:915,001MEAUK000006C6V0101130,OK
21:13:17:291,001MEAUK000006C6V0101137,OK
21:14:02:827,001MEAUK000006C6V0101139,NG
21:15:01:382,001MEAUK000006C6V0101146,OK
21:16:29:339,001MEAUK000006C6V0101151,OK
21:17:37:717,001MEAUK000006C6V0101129,OK
21:18:11:353,001MEAUK000006C6V0101147,NG
21:18:49:923,001MEAUK000006C6V0101149,OK
21:20:00:685,001MEAUK000006C6V0101143,OK
21:20:45:101,001MEAUK000006C6V0101158,OK
21:21:56:586,001MEAUK000006C6V0101150,OK
21:23:51:096,001MEAUK000006C6V0101152,OK
21:24:56:983,001MEAUK000006C6V0101153,OK
21:25:30:720,001MEAUK000006C6V0101154,OK
21:26:15:851,001MEAUK000006C6V0101148,OK
21:26:50:807,001MEAUK000006C6V0101156,OK
21:27:29:778,001MEAUK000006C6V0101162,OK
21:28:09:973,001MEAUK000006C6V0101157,OK
21:28:44:880,001MEAUK000006C6V0101164,OK
21:29:21:923,001MEAUK000006C6V0101155,OK
21:30:37:472,001MEAUK000006C6V0101161,OK
21:31:14:824,001MEAUK000006C6V0101163,OK
21:31:50:752,001MEAUK000006C6V0101169,OK
21:32:50:886,001MEAUK000006C6V0101167,NG
21:33:54:576,001MEAUK000006C6V0101165,OK
21:34:31:510,001MEAUK000006C6V0101178,OK
21:35:10:335,001MEAUK000006C6V0101159,OK
21:37:14:106,001MEAUK000006C6V0101174,OK
21:37:48:203,001MEAUK000006C6V0101160,OK
21:38:22:391,001MEAUK000006C6V0101168,OK
21:38:58:515,001MEAUK000006C6V0101181,OK
21:39:35:960,001MEAUK000006C6V0101166,OK
21:40:13:509,001MEAUK000006C6V0101175,OK
21:40:52:682,001MEAUK000006C6V0101186,OK
21:41:37:192,001MEAUK000006C6V0101170,OK
21:42:18:001,001MEAUK000006C6V0101177,OK
21:42:57:129,001MEAUK000006C6V0101171,OK
21:43:41:245,001MEAUK000006C6V0101176,OK
21:44:19:810,001MEAUK000006C6V0101188,OK
21:44:56:700,001MEAUK000006C6V0101173,OK
21:45:35:826,001MEAUK000006C6V0101180,OK
21:46:13:328,001MEAUK000006C6V0101185,OK
21:48:15:771,001MEAUK000006C6V0101172,NG
21:49:08:524,001MEAUK000006C6V0101182,NG
21:49:45:203,001MEAUK000006C6V0101195,NG
21:50:38:117,001MEAUK000006C6V0101194,NG
21:51:35:810,001MEAUK000006C6V0101193,OK
21:52:38:642,001MEAUK000006C6V0101179,OK
21:53:12:474,001MEAUK000006C6V0101189,OK
21:53:51:253,001MEAUK000006C6V0101187,OK
21:54:31:341,001MEAUK000006C6V0101183,OK
21:55:22:575,001MEAUK000006C6V0101145,OK
21:56:07:961,001MEAUK000006C6V0101184,OK
21:56:47:239,001MEAUK000006C6V0101199,OK
21:57:28:608,001MEAUK000006C6V0101196,OK
21:58:24:770,001MEAUK000006C6V0101197,OK
21:59:04:662,001MEAUK000006C6V0101192,OK
21:59:43:226,001MEAUK000006C6V0101191,OK
22:00:23:111,001MEAUK000006C6V0101198,OK
22:01:02:852,001MEAUK000006C6V0101207,OK
22:01:43:246,001MEAUK000006C6V0101205,OK
22:02:21:819,001MEAUK000006C6V0101208,OK
22:02:59:620,001MEAUK000006C6V0101190,NG
22:03:35:846,001MEAUK000006C6V0101200,OK
22:04:10:346,001MEAUK000006C6V0101206,OK
22:04:49:779,001MEAUK000006C6V0101209,OK
22:05:29:665,001MEAUK000006C6V0101203,OK
22:06:05:135,001MEAUK000006C6V0101214,OK
22:06:44:369,001MEAUK000006C6V0101220,NG
22:08:06:074,001MEAUK000006C6V0101204,OK
22:08:39:912,001MEAUK000006C6V0101221,OK
22:10:31:826,001MEAUK000006C6V0101212,OK
22:11:33:433,001MEAUK000006C6V0101217,OK
22:12:27:164,001MEAUK000006C6V0101213,OK
22:13:01:201,001MEAUK000006C6V0101210,OK
22:13:39:212,001MEAUK000006C6V0101223,OK
22:16:15:680,001MEAUK000006C6V0101211,OK
22:17:10:018,001MEAUK000006C6V0101226,OK
22:17:43:803,001MEAUK000006C6V0101222,OK
22:18:29:132,001MEAUK000006C6V0101228,OK
22:19:30:840,001MEAUK000006C6V0101233,OK
22:21:06:682,001MEAUK000006C6V0101225,OK
22:22:08:549,001MEAUK000006C6V0101230,OK
22:23:00:910,001MEAUK000006C6V0101218,OK
22:23:34:647,001MEAUK000006C6V0101238,OK
22:24:25:423,001MEAUK000006C6V0101219,OK
22:24:59:362,001MEAUK000006C6V0101239,OK
22:25:45:094,001MEAUK000006C6V0101227,OK
22:26:18:941,001MEAUK000006C6V0101240,OK
22:27:04:223,001MEAUK000006C6V0101224,OK
22:27:37:807,001MEAUK000006C6V0101232,OK
22:28:19:167,001MEAUK000006C6V0101241,OK
22:28:52:852,001MEAUK000006C6V0101234,OK
22:29:44:294,001MEAUK000006C6V0101244,OK
22:30:19:043,001MEAUK000006C6V0101242,NG
22:31:12:411,001MEAUK000006C6V0101229,OK
22:31:46:091,001MEAUK000006C6V0101235,OK
22:32:26:641,001MEAUK000006C6V0101231,OK
22:33:34:557,001MEAUK000006C6V0100599,OK
22:45:08:357,001MEAUK000006C6V0101236,OK
22:47:21:690,001MEAUK000006C6V0101237,OK
22:55:29:694,001MEAUK000006C6V0101245,OK
22:56:03:482,001MEAUK000006C6V0101246,OK
22:57:32:254,001MEAUK000006C6V0101243,OK
22:58:06:092,001MEAUK000006C6V0100600,OK
22:58:39:778,001MEAUK000006C6V0101252,OK
22:59:13:665,001MEAUK000006C6V0101202,OK
22:59:47:192,001MEAUK000006C6V0101253,OK
23:00:20:726,001MEAUK000006C6V0101215,OK
23:02:04:297,001MEAUK000006C6V0101249,OK
23:03:30:678,001MEAUK000006C6V0101201,OK
23:04:04:307,001MEAUK000006C6V0101254,OK
23:04:39:007,001MEAUK000006C6V0101250,OK
23:05:14:013,001MEAUK000006C6V0101258,OK
23:05:47:393,001MEAUK000006C6V0101257,OK
23:06:21:084,001MEAUK000006C6V0101259,OK
23:06:54:721,001MEAUK000006C6V0101251,OK
23:07:32:224,001MEAUK000006C6V0101255,OK
23:08:06:065,001MEAUK000006C6V0101264,OK
23:08:40:106,001MEAUK000006C6V0101265,OK
23:09:13:635,001MEAUK000006C6V0101260,OK
23:10:36:765,001MEAUK000006C6V0101256,OK
23:11:47:328,001MEAUK000006C6V0101266,OK
23:16:17:429,001MEAUK000006C6V0101261,OK
23:17:35:215,001MEAUK000006C6V0101269,OK
23:18:09:106,001MEAUK000006C6V0101262,OK
23:18:42:490,001MEAUK000006C6V0101263,OK
23:20:24:185,001MEAUK000006C6V0101268,OK
23:21:42:727,001MEAUK000006C6V0101267,OK
23:22:39:095,001MEAUK000006C6V0101276,OK
23:23:15:576,001MEAUK000006C6V0101275,NG
23:24:00:504,001MEAUK000006C6V0101270,OK
23:24:43:343,001MEAUK000006C6V0101280,OK
23:25:37:072,001MEAUK000006C6V0101274,OK
23:26:48:706,001MEAUK000006C6V0101271,OK
23:28:19:821,001MEAUK000006C6V0101282,OK
23:28:53:711,001MEAUK000006C6V0101278,OK
23:29:33:552,001MEAUK000006C6V0101272,OK
23:30:44:623,001MEAUK000006C6V0101277,OK
23:33:45:413,001MEAUK000006C6V0101273,OK
23:34:19:254,001MEAUK000006C6V0101216,OK
23:34:58:478,001MEAUK000006C6V0100932,NG
23:35:32:522,001MEAUK000006C6V0101248,OK
23:39:07:395,001MEAUK000006C6V0101281,OK
23:40:32:706,001MEAUK000006C6V0101285,OK
23:41:06:386,001MEAUK000006C6V0101247,OK
23:41:40:073,001MEAUK000006C6V0101288,OK
23:42:14:002,001MEAUK000006C6V0101279,OK
23:42:47:736,001MEAUK000006C6V0101289,OK
23:43:21:526,001MEAUK000006C6V0101290,OK
23:44:22:689,001MEAUK000006C6V0101286,OK
23:45:53:184,001MEAUK000006C6V0101287,OK
23:47:41:949,001MEAUK000006C6V0101296,OK
23:48:35:579,001MEAUK000006C6V0101297,OK
23:49:49:340,001MEAUK000006C6V0101298,OK
23:50:51:147,001MEAUK000006C6V0101293,OK
23:51:44:311,001MEAUK000006C6V0101294,OK
23:52:54:919,001MEAUK000006C6V0101295,OK
23:54:37:732,001MEAUK000006C6V0101304,NG
23:55:36:906,001MEAUK000006C6V0101305,OK
23:57:39:861,001MEAUK000006C6V0101301,OK
23:58:34:097,001MEAUK000006C6V0101306,OK
23:59:07:686,001MEAUK000006C6V0101302,OK
23:59:45:897,001MEAUK000006C6V0101303,OK
